PosName,X,Y,Z
Cap_Path001,-21.75856,31.32955,1.670384
ThirdOfficer_Point001,-31.264,28.35541,0.5731881
ThirdEngineer_Point001,-31.264,28.35541,0.5731881
ChiefOfficer_Point001,-17.57071,19.13221,13.18307
AbleseamanA_Point001,-69.5764,19.07237,14.9677
